Report_Title,Audit_Period,Report_Date,Objective,Scope,Key_Findings,Conclusion_Summary,Finding_ID,Finding_Description,Risk_Rating,Impact,Recommendation,Management_Response,Responsible_Party,Target_Completion_Date,Control_Area,Control_Description,Control_Effectiveness,Evidence,Regulation_Policy,Compliance_Status,Details_of_Non_Compliance,Corrective_Action_Plan,Risk_Area,Risk_Description,Likelihood,Risk_Impact,Risk_Mitigation_Measures,IT_Control_Description,IT_Control_Effectiveness,IT_Issues_Identified,IT_Recommendations,Fraud_Area,Incident_Description,Fraud_Impact,Action_Taken,Preventive_Measures,Process_Name,Efficiency_Issues_Identified,Efficiency_Recommendations,Expected_Benefits,Audit_Steps,Evidence_Collected,Audit_Findings,Reviewer_Comments,Summary_of_Findings,Overall_Opinion,Next_Steps
Risk Management Audit,2022-09-08 to 2020-08-27,11/29/2021,Detect and prevent fraud,Fraud detection and prevention,Significant control weaknesses,Financial statements are accurate,97c604cd-4208-4b18-b3ae-3ec76e540b40,Nemo facere atque illum.,Low,Operational disruption,Implement stricter controls,Plans in place for improvement,Compliance,4/7/2026,Customer Account Management,Error laudantium excepturi ullam quaerat quos vel.,Ineffective,Explicabo odio doloribus minima quisquam esse temporibus.,RBI Guidelines,Non-Compliant,Perferendis eos voluptatum ullam eligendi rerum amet facere.,Illum sed tempora sequi numquam ab quia vel.,Credit Risk,Cupiditate non delectus accusantium.,High,Operational disruption,Quo laborum id ex iure soluta.,Incidunt at culpa nisi aut.,Needs Improvement,Aspernatur temporibus perferendis vitae quasi cumque.,Quaerat ipsum natus.,Forgery,Tempora tempora quibusdam dolore nisi.,Operational disruption,Et ab sequi doloribus id distinctio sapiente voluptatum.,Libero sit perspiciatis totam.,Loan Disbursement,Tenetur molestiae enim accusantium ratione.,Illo minima animi corrupti officia ad.,Inventore totam est ratione quidem vero molestiae.,Earum laudantium ipsum placeat asperiores.,Eveniet ut pariatur alias natus odit ea.,Placeat ad temporibus recusandae non id corrupti officia.,Autem excepturi id necessitatibus magni dolore tenetur consectetur.,Compliance issues identified,Satisfactory,Saepe voluptas distinctio.
IT Systems Audit,2023-12-04 to 2020-01-30,5/26/2021,Detect and prevent fraud,Review of financial transactions,Minor compliance issues,Compliance requirements met,d5941f7d-3c8a-4737-ac43-1bca2454d1e9,Facilis nulla quibusdam ratione sed accusamus corrupti.,High,Potential financial loss,Improve operational efficiency,Will address by next quarter,Operations,5/8/2026,Customer Account Management,Atque excepturi accusamus maiores.,Ineffective,Dolore aperiam magni.,AML/KYC Policy,Non-Compliant,Vitae dolor consequatur culpa laboriosam saepe non.,Debitis eius ad iste molestias accusantium laborum commodi.,Market Risk,Tempora ex at vitae tenetur beatae laudantium perspiciatis.,Low,Reputational risk,Quo accusantium vel corrupti accusamus tempora rerum.,Aliquid qui ex error neque.,Needs Improvement,Fuga doloremque minus deserunt debitis.,Impedit alias labore quisquam eveniet.,Identity Theft,Quam ut porro.,Potential financial loss,Porro debitis distinctio provident vero esse amet aspernatur.,Labore sunt ex quaerat incidunt.,Transaction Processing,Ab deleniti assumenda maiores culpa tempore laborum.,Cupiditate officia deleniti accusamus placeat mollitia.,Eos non laudantium temporibus vitae excepturi laborum.,Temporibus vero explicabo porro.,Voluptate officiis vel earum.,Ad nihil asperiores corrupti incidunt similique hic commodi.,Quis consequuntur unde magni in ex similique.,Compliance issues identified,Unsatisfactory,Earum ex iusto nisi rem enim saepe.
Annual Financial Audit,2022-10-11 to 2021-11-21,6/26/2024,Evaluate financial statements,Review of financial transactions,Operational inefficiencies found,IT systems require updates,4a33507d-1c31-4049-a5e0-08d4931aaaf7,Quos dicta dolor consequuntur ea labore numquam similique.,Medium,Reputational risk,Enhance compliance procedures,Will address by next quarter,IT,10/12/2024,Customer Account Management,At laudantium cum incidunt.,Ineffective,Pariatur doloribus culpa placeat.,RBI Guidelines,Compliant,Consequuntur consequuntur tempora a placeat.,Voluptas deleniti porro ratione.,Operational Risk,Inventore quaerat numquam omnis quo alias rem.,High,Operational disruption,Ea optio iste.,Dicta in delectus.,Ineffective,Nemo minus soluta consequuntur quaerat.,Aliquam veritatis officiis repellat.,Forgery,Impedit dolores fugit odit dolores repellat.,Reputational risk,Culpa labore iste delectus dolore.,Earum nesciunt molestiae illo veniam.,Loan Disbursement,Fugiat harum excepturi fugit aliquid.,Pariatur incidunt odio odit repellat.,Consequatur harum veniam corrupti cupiditate quos mollitia enim.,Quibusdam est pariatur doloribus corporis et ipsa.,Magni neque veniam quidem laudantium laborum quod.,Quis repellat blanditiis architecto iusto aut.,Ipsam incidunt nostrum sunt.,Compliance issues identified,Needs Improvement,Nulla occaecati ipsam velit dolorum.
IT Systems Audit,2023-03-01 to 2024-05-15,10/16/2022,Evaluate IT systems security,IT systems and security assessment,High risk areas identified,Fraud detection mechanisms are robust,b4f69226-7a88-4634-a1af-d0863e40be6d,Animi assumenda sed illo ipsa esse.,Medium,Reputational risk,Improve operational efficiency,No immediate action required,Finance,1/10/2026,Transaction Processing,Excepturi repellendus tempore itaque.,Needs Improvement,Perspiciatis veniam enim quas quos inventore maiores.,RBI Guidelines,Non-Compliant,Minima sapiente sint facilis laboriosam.,Repellendus dolorum sunt.,Credit Risk,Nemo dolorum illo porro magni explicabo.,High,Reputational risk,Cumque inventore dolore ratione.,Ex necessitatibus laboriosam consectetur.,Ineffective,Officia soluta iusto amet ut odit.,Alias libero id deserunt delectus.,Loan Fraud,Suscipit rem nisi cum voluptatum dicta hic.,Reputational risk,Quibusdam nihil quod.,Quos quae iure quidem cupiditate.,Transaction Processing,Dolorem labore labore.,Voluptates perferendis natus earum provident in explicabo.,Culpa totam facilis quis voluptatibus magni aliquam nulla.,Iste commodi quisquam.,Ipsa soluta aspernatur ea.,Animi ut aperiam esse ut voluptas.,Natus libero facilis sed ipsam molestias.,Compliance issues identified,Unsatisfactory,Natus quos sequi adipisci aut.
Operational Audit Report,2021-01-08 to 2023-12-02,1/17/2023,Detect and prevent fraud,Review of financial transactions,No major discrepancies,Internal controls are effective,1f5fc09c-cf5f-4574-8ef1-ed79e4f52edd,Ex odio expedita odio exercitationem maiores nostrum.,Medium,Potential financial loss,Strengthen fraud prevention mechanisms,Plans in place for improvement,Operations,11/8/2025,Loan Approvals,Ducimus quae aliquam accusantium hic dolorem.,Effective,Quos ut perspiciatis in similique quibusdam.,RBI Guidelines,Compliant,Eius ullam iure officiis.,Repellendus voluptates maiores libero sapiente debitis soluta.,Credit Risk,Ratione temporibus veritatis ullam ratione cumque.,Medium,Operational disruption,Dolores iure voluptatum.,Repellendus impedit eum ea rem.,Effective,Accusamus rem eaque culpa accusamus.,Aperiam consequatur ullam magni quam quibusdam.,Identity Theft,Itaque dicta facere error ducimus soluta error.,Reputational risk,Vel rem consequatur eos reprehenderit.,Est deserunt rem nobis incidunt.,Loan Disbursement,Facere laborum delectus molestiae.,Officiis a facere beatae animi reiciendis nemo ad.,Earum unde molestiae.,Iure inventore facilis repellendus harum harum.,Consequuntur saepe numquam.,Impedit sapiente veniam quam earum sequi quae.,Corporis accusamus aliquam.,Overall compliant,Unsatisfactory,Facere assumenda hic sed.
Internal Controls Assessment,2020-09-25 to 2021-09-28,5/21/2024,Ensure compliance with regulations,Fraud detection and prevention,No major discrepancies,Operational processes need improvement,669c5f82-9639-415f-8e9f-273e4a162462,Earum libero placeat dolore quibusdam veritatis.,Low,Operational disruption,Implement stricter controls,No immediate action required,IT,10/6/2024,Loan Approvals,Reiciendis quas doloribus labore tenetur facere doloribus consequatur.,Ineffective,Aliquid minus porro adipisci quas harum.,AML/KYC Policy,Non-Compliant,Nisi autem vitae alias neque ipsum esse.,Similique quaerat natus beatae ab explicabo laudantium.,Credit Risk,Distinctio ipsa accusamus eaque vero.,High,Reputational risk,Blanditiis esse temporibus saepe hic eos deserunt.,Ab necessitatibus quaerat est eos corporis eaque.,Effective,Dignissimos qui porro reiciendis reprehenderit.,Inventore ab exercitationem iure exercitationem veniam omnis ut.,Loan Fraud,Cupiditate qui recusandae id consequatur aperiam nihil.,Reputational risk,Nisi commodi accusantium dolores est neque sunt.,Ducimus blanditiis nihil.,Loan Disbursement,Cumque blanditiis quod officiis nihil eveniet.,Porro quae facere facere quis quisquam sint.,Minima asperiores sapiente molestiae pariatur est quidem sequi.,Corporis occaecati nulla aperiam.,Libero odio exercitationem modi numquam.,Dignissimos dicta ad quae quo laborum totam.,Reprehenderit cum repellendus earum.,Overall compliant,Satisfactory,Magnam modi atque veritatis nam.
Quarterly Audit Report,2022-12-27 to 2020-07-01,3/18/2023,Ensure compliance with regulations,Fraud detection and prevention,Operational inefficiencies found,Financial statements are accurate,dba9ac94-ba94-42a7-8f35-626c5618ab44,Porro temporibus iste a non.,High,Potential financial loss,Upgrade IT security measures,Plans in place for improvement,IT,6/17/2026,Customer Account Management,Quo corporis asperiores error dolores praesentium officia asperiores.,Needs Improvement,Soluta animi est quis ab provident est eligendi.,AML/KYC Policy,Non-Compliant,Placeat quisquam numquam necessitatibus.,Aliquid ratione neque itaque fuga.,Operational Risk,Adipisci iure porro quisquam.,Low,Potential financial loss,Totam commodi repellendus aut quas delectus recusandae.,Perferendis suscipit ab nihil quo.,Ineffective,Distinctio culpa nam consequuntur.,A ad animi officia eligendi.,Loan Fraud,Blanditiis corporis eum temporibus.,Reputational risk,Natus autem culpa.,Facilis perspiciatis distinctio quod.,Transaction Processing,Voluptatum nobis dolores reiciendis amet.,Ratione ea unde officiis.,Alias neque expedita officiis corporis.,Aspernatur atque quaerat debitis earum velit ex quod.,Exercitationem et ex omnis occaecati quaerat officia.,Quas excepturi ex vel repellendus quas est.,Inventore possimus ex nam dolor beatae.,Overall compliant,Needs Improvement,Laborum maxime optio officiis asperiores atque corrupti.
Operational Audit Report,2020-08-09 to 2022-08-16,2/7/2024,Detect and prevent fraud,IT systems and security assessment,No major discrepancies,Compliance requirements met,60f26b40-2a32-47fe-a49e-a22ebdabeebc,Ipsam modi distinctio neque iusto praesentium aliquam.,Low,Reputational risk,Implement stricter controls,Will address by next quarter,Operations,9/10/2024,Transaction Processing,Sequi laudantium ex tempore.,Ineffective,Animi iusto totam animi totam.,RBI Guidelines,Compliant,Officia ab perferendis animi sint rem magnam.,Occaecati aliquam unde tempora cum rerum corrupti.,Credit Risk,Dicta accusantium aspernatur aliquam excepturi voluptate quidem.,Low,Reputational risk,Nihil nemo praesentium excepturi.,Saepe nihil eius dicta maxime libero harum.,Needs Improvement,Nobis dicta molestiae deleniti eos autem odit.,Praesentium facilis incidunt necessitatibus voluptatum est.,Forgery,Temporibus vero et cumque repellat quis soluta.,Potential financial loss,A quasi dolor quod doloremque temporibus ut.,Nostrum repellendus quidem.,Account Opening,Aspernatur commodi illum ipsam iure veritatis quaerat.,In cupiditate itaque a rerum nam ut.,Animi iste sapiente.,Doloribus ad fuga.,Id dolorum est earum sint nobis.,At mollitia porro.,Est eius ipsum quidem dolores.,Overall compliant,Unsatisfactory,Ad voluptatibus distinctio est veniam.
IT Systems Audit,2022-08-27 to 2020-11-30,2/5/2020,Assess internal controls,IT systems and security assessment,High risk areas identified,IT systems require updates,6b95c6dc-506e-4e89-86a0-c95e6e0d4cb7,Iure recusandae dolor reprehenderit commodi repudiandae distinctio earum.,Medium,Potential financial loss,Improve operational efficiency,Plans in place for improvement,Operations,3/12/2025,Customer Account Management,Soluta quos architecto ex.,Ineffective,Libero nostrum amet et.,AML/KYC Policy,Non-Compliant,Veritatis molestias dicta esse quae incidunt unde.,Consectetur architecto accusamus et officia repellendus mollitia nobis.,Credit Risk,Accusantium earum enim iure quam.,Medium,Potential financial loss,Aliquid itaque consectetur voluptates ipsum aspernatur.,Tempore ullam laborum.,Needs Improvement,Hic voluptatem natus.,Doloremque labore non ex animi corrupti.,Forgery,Mollitia recusandae eum eius consectetur iure dolore quam.,Reputational risk,Quidem iste consequuntur dolorem alias.,Quos facere quas nisi reprehenderit veritatis porro iure.,Transaction Processing,Repudiandae alias eligendi.,Delectus dicta ex reprehenderit.,Tenetur libero ratione fugiat accusamus quod.,Rerum voluptatibus a occaecati consequuntur perspiciatis occaecati.,Est non perferendis commodi dolores expedita consectetur provident.,Laboriosam voluptate amet error.,Corporis error aliquid nostrum quaerat quod dolorem.,Compliance issues identified,Satisfactory,Ex magnam quia quisquam debitis enim.
Risk Management Audit,2024-03-14 to 2020-09-21,11/3/2022,Ensure compliance with regulations,Compliance with RBI guidelines,IT security vulnerabilities detected,IT systems require updates,89a07258-54b0-4744-a7e5-d436ca542638,Consequuntur incidunt ut enim officia voluptate iste.,Low,Operational disruption,Strengthen fraud prevention mechanisms,Will address by next quarter,Operations,1/26/2025,Customer Account Management,Mollitia assumenda labore.,Effective,Saepe praesentium ipsa maiores.,RBI Guidelines,Non-Compliant,Laboriosam odio ratione sit quisquam dolor aliquam.,Quaerat hic ipsam nobis.,Credit Risk,Culpa quia omnis at quia deleniti.,Medium,Operational disruption,Facere non ipsam suscipit corrupti.,Quos similique dolorum aspernatur.,Ineffective,A explicabo possimus occaecati provident.,Placeat aliquam eum distinctio alias expedita dolorum.,Loan Fraud,Delectus repudiandae eaque nostrum minima ea dignissimos repellendus.,Operational disruption,In dolore maxime iusto animi repellendus.,Amet quisquam repellendus similique incidunt accusamus.,Transaction Processing,Quia natus vero est eius.,Ipsum cumque enim quo ad magni.,Dolorum fuga officia fugiat incidunt dolor.,Facere iure sapiente illo.,Voluptatum excepturi odit recusandae.,Quaerat neque culpa quod.,Illo eius facilis modi maiores omnis blanditiis.,Compliance issues identified,Satisfactory,Ratione quod saepe velit inventore cumque neque quam.
Compliance Audit Report,2022-04-24 to 2022-12-03,1/2/2022,Evaluate financial statements,Fraud detection and prevention,High risk areas identified,Internal controls are effective,010e2633-3407-4e84-bfdf-b01d92a2f868,Itaque doloremque a eius voluptatibus sint beatae.,Medium,Potential financial loss,Strengthen fraud prevention mechanisms,No immediate action required,Finance,3/7/2025,Loan Approvals,Incidunt optio alias.,Needs Improvement,Accusamus in accusamus natus.,AML/KYC Policy,Compliant,Sit ipsum maxime vel error.,Itaque accusamus magni nemo.,Operational Risk,Quae ad fugiat officiis.,Low,Potential financial loss,Vel sit neque non asperiores.,Fugiat eveniet voluptatem.,Needs Improvement,Iure hic consectetur recusandae incidunt occaecati exercitationem.,Quae tenetur repudiandae officia enim.,Loan Fraud,Ratione laboriosam repudiandae voluptatum voluptatibus itaque.,Reputational risk,In labore mollitia a error.,Magni repellendus quia laudantium cum magnam ipsum.,Account Opening,Fuga ipsa atque reprehenderit officiis sit natus.,Ab iste ab tempora enim doloremque.,Ab facilis vel iste voluptatibus labore facere.,Nam nisi enim inventore laborum omnis optio.,Dolorum quam maxime molestias ipsa accusantium corporis.,Eligendi placeat et voluptatum tempora.,Eos ex laudantium fugit nesciunt.,Overall compliant,Satisfactory,Tempore aut consequuntur repellendus.
Annual Financial Audit,2022-01-01 to 2020-05-31,3/25/2023,Ensure compliance with regulations,Assessment of internal control processes,No major discrepancies,Fraud detection mechanisms are robust,b782c02b-2284-429f-9918-d6d6ecab828a,Sit corrupti quae nihil.,Low,Operational disruption,Strengthen fraud prevention mechanisms,No immediate action required,Operations,11/4/2024,Loan Approvals,Voluptates rem nesciunt quibusdam natus.,Ineffective,Porro nam qui magni.,AML/KYC Policy,Compliant,Fugiat iusto nam consequuntur quas iusto.,Delectus sapiente voluptatem iste aperiam.,Market Risk,Autem velit quaerat ex.,High,Potential financial loss,Possimus id quaerat cupiditate numquam voluptatibus.,Officiis maxime laborum tenetur similique.,Ineffective,Dignissimos illo unde distinctio officia minima alias.,Blanditiis fugiat maxime nisi optio repudiandae similique.,Forgery,Ipsam voluptatibus alias et.,Operational disruption,Nisi tempore voluptatem incidunt atque odit optio.,Sequi unde perferendis perspiciatis eius repellendus quidem commodi.,Account Opening,Delectus reprehenderit neque doloremque est praesentium eveniet.,Molestiae repudiandae quas aut aut officiis.,Dolores facere itaque enim quis incidunt eveniet saepe.,Asperiores ipsa dolorem accusantium alias eum ipsum.,Itaque blanditiis cum sed.,Iure doloribus vel quos delectus impedit.,Quod distinctio in ipsum sapiente dolore.,Operational efficiencies needed,Needs Improvement,Atque eos molestias harum.
Operational Audit Report,2021-02-16 to 2023-06-17,4/12/2023,Detect and prevent fraud,Operational procedures review,No major discrepancies,Financial statements are accurate,65f20fa1-eb19-4af3-9c94-1f8b82f236b1,Dolores temporibus fugit dignissimos quis consequuntur debitis.,High,Reputational risk,Enhance compliance procedures,Will address by next quarter,Finance,9/25/2025,Transaction Processing,Est recusandae amet ea quas quis quia.,Needs Improvement,Fugit quia molestias ipsa voluptas animi voluptas.,AML/KYC Policy,Compliant,Explicabo aut itaque commodi.,Suscipit mollitia ullam consectetur sint sapiente dolorem.,Credit Risk,Culpa velit consequuntur adipisci dolor.,High,Potential financial loss,Ipsam facilis dignissimos magnam earum inventore.,Porro mollitia velit labore dicta non est.,Effective,Voluptates ut nulla consequatur rem ab.,Deserunt eaque quos veniam harum repellat corporis ab.,Loan Fraud,Vel quas fugit reiciendis molestiae atque earum.,Potential financial loss,Natus placeat molestias voluptas.,Illum veniam iure aperiam nemo placeat.,Transaction Processing,Quo molestiae tempore perferendis non facere incidunt corporis.,Labore est at.,Temporibus soluta quod asperiores in quae.,Iste cum voluptates illo enim perspiciatis natus natus.,Facere fuga vero.,Amet fugit distinctio tempore consequatur officia.,Laboriosam molestiae doloribus.,Overall compliant,Satisfactory,Autem recusandae aspernatur.
Risk Management Audit,2020-08-01 to 2024-03-09,4/30/2022,Assess internal controls,Review of financial transactions,High risk areas identified,Compliance requirements met,4a0e59dd-219b-4009-bb44-296801ce5414,Rem voluptates quam officia voluptates iure.,Medium,Reputational risk,Implement stricter controls,No immediate action required,Compliance,2/13/2026,Transaction Processing,Animi distinctio eaque distinctio.,Ineffective,Cumque tempora nesciunt odit at.,RBI Guidelines,Compliant,Suscipit reiciendis fugit minus harum ea.,Voluptate vero aliquid consequuntur magnam.,Operational Risk,Hic vero velit neque neque.,Low,Reputational risk,Doloremque animi suscipit a reprehenderit.,Distinctio ipsa rerum dolor consequatur illo.,Effective,Illo officia recusandae quaerat accusamus numquam facere in.,Deleniti commodi nemo voluptatem quas.,Loan Fraud,Quos rerum voluptates amet et commodi velit.,Operational disruption,Suscipit quam pariatur suscipit sint.,Quo asperiores repellendus reprehenderit necessitatibus molestiae aliquid.,Transaction Processing,Illum ipsum reprehenderit aspernatur iure rerum.,Fuga inventore reprehenderit fuga.,Labore neque ut ad.,Iure suscipit similique tempora.,Quo non quod atque laudantium.,Officia fugiat maxime tenetur culpa commodi tempora.,Reprehenderit quisquam blanditiis eveniet dolorem quia.,Compliance issues identified,Satisfactory,Laboriosam facere rerum dolor eaque modi magnam.
IT Systems Audit,2023-07-02 to 2020-02-01,12/24/2021,Evaluate IT systems security,Assessment of internal control processes,No major discrepancies,Financial statements are accurate,23afb814-207e-42f9-bcc4-fa787b8d2281,Nam ex optio perspiciatis.,High,Potential financial loss,Strengthen fraud prevention mechanisms,No immediate action required,Compliance,12/9/2025,Loan Approvals,Facilis numquam id illum veritatis fugit necessitatibus.,Effective,Voluptatem consectetur tenetur consectetur perspiciatis aliquam dolorum.,RBI Guidelines,Non-Compliant,Dolorum dolor nisi itaque.,Recusandae similique officiis atque ipsum esse molestias.,Market Risk,Quasi qui modi molestias fuga illo inventore.,High,Reputational risk,Autem occaecati iure eveniet.,Architecto eveniet qui laborum architecto nihil.,Effective,Animi quis molestias iste.,Ducimus rem ullam molestias facere porro cum et.,Identity Theft,Voluptatem doloribus aperiam nemo eveniet.,Operational disruption,Aut sunt natus magnam voluptatem voluptatum.,Esse earum non tempore cum odio.,Account Opening,Neque est necessitatibus.,Tempore at non repellendus consequatur ullam voluptatibus.,Veritatis recusandae quo exercitationem.,Corrupti iusto eos temporibus.,Neque illum totam molestias veniam rerum nostrum.,Corporis quibusdam eveniet repudiandae aliquid.,Id quis accusamus provident repudiandae ipsam.,Overall compliant,Satisfactory,Sit aut voluptatibus explicabo nisi nesciunt.
Quarterly Audit Report,2021-04-14 to 2021-12-16,12/7/2020,Evaluate IT systems security,Fraud detection and prevention,Operational inefficiencies found,Operational processes need improvement,b0372d4e-fe65-450c-bb6a-8f3f787e4970,Perspiciatis delectus omnis rem vitae itaque beatae.,High,Reputational risk,Improve operational efficiency,No immediate action required,Operations,11/7/2024,Transaction Processing,Nostrum excepturi veniam explicabo incidunt cupiditate.,Effective,Suscipit repellendus labore voluptatem illum reiciendis.,AML/KYC Policy,Compliant,Ut provident provident itaque sequi aut magni.,Asperiores porro eligendi beatae aspernatur dolorum reprehenderit.,Market Risk,Nam suscipit laudantium.,High,Potential financial loss,Non dignissimos perferendis.,Totam doloribus assumenda architecto cumque saepe vel.,Effective,Placeat numquam asperiores culpa reiciendis est libero.,Repudiandae dicta vitae vitae suscipit excepturi tempore.,Forgery,Asperiores voluptatum facere temporibus velit est quam.,Potential financial loss,Adipisci ullam est expedita.,Reprehenderit delectus ullam veniam quae.,Loan Disbursement,Numquam labore natus quisquam provident ullam.,Perspiciatis eum dolore eveniet placeat voluptatum quae.,Pariatur repellendus commodi earum odit quia ex nihil.,Quo at odio maiores accusantium debitis doloribus.,Commodi nostrum nostrum itaque magnam impedit corporis.,Dolorem quod doloremque dolorem corporis.,Qui incidunt nemo voluptatibus nulla ullam.,Operational efficiencies needed,Satisfactory,Vel alias ipsa adipisci.
Quarterly Audit Report,2023-07-30 to 2022-11-06,8/5/2023,Ensure compliance with regulations,Compliance with RBI guidelines,High risk areas identified,Operational processes need improvement,734097a6-b206-48a9-a30d-8186996b219a,Cum minima non voluptates.,Low,Potential financial loss,Enhance compliance procedures,No immediate action required,IT,6/29/2025,Customer Account Management,Neque amet cum ipsa minus earum assumenda.,Needs Improvement,Vero vitae et odit amet voluptas id.,RBI Guidelines,Compliant,Repellendus blanditiis debitis magnam quae iste ullam harum.,Quo recusandae natus accusantium odio magni rerum.,Market Risk,Sapiente consequuntur aliquam ea earum perferendis et.,High,Reputational risk,Iure accusamus odit.,Porro quo modi eveniet laudantium.,Needs Improvement,Maiores laboriosam amet at debitis ducimus quaerat.,Voluptatum tempora voluptate saepe saepe nisi ad.,Loan Fraud,Tempore quasi facere at.,Operational disruption,Hic officia beatae tempore.,Sed consequuntur id facilis minima qui quam ex.,Transaction Processing,Sapiente magnam temporibus.,Dolores voluptas fuga illum.,Molestias voluptates nobis quaerat ducimus.,Ipsa facere praesentium.,Debitis veniam voluptate veniam vero quo autem.,Rerum tempora laboriosam facilis sapiente.,Dicta praesentium fuga.,Operational efficiencies needed,Unsatisfactory,Saepe ex culpa itaque dolor quod ducimus.
IT Systems Audit,2022-05-03 to 2022-12-06,10/17/2022,Evaluate IT systems security,Assessment of internal control processes,Operational inefficiencies found,Internal controls are effective,6fda9cc4-7dae-41a1-a577-81bc64a6b6d2,Velit nam reiciendis.,Medium,Potential financial loss,Improve operational efficiency,Will address by next quarter,Compliance,4/29/2025,Loan Approvals,Tenetur aperiam debitis ut vel.,Needs Improvement,Quo minima maxime officiis.,RBI Guidelines,Non-Compliant,Magnam sint ad repellendus delectus.,Laudantium quisquam tempora.,Credit Risk,Reiciendis eum hic quae eos dolorum tempore.,Medium,Potential financial loss,Dignissimos possimus ullam id.,Inventore officia voluptatibus.,Ineffective,Dolorem pariatur recusandae cupiditate.,Veritatis nobis dolores amet.,Loan Fraud,Voluptates voluptate harum quasi.,Operational disruption,Sapiente dolore fuga culpa eligendi tempore suscipit.,Rerum illum et aut.,Loan Disbursement,Quae consequatur ducimus consectetur maxime.,Vitae magnam sint qui fuga error quae.,Sapiente blanditiis rerum sint laudantium suscipit.,Maiores sint quo libero veniam.,Qui dolores facilis voluptatibus.,Quas sunt facilis maiores.,Nobis deserunt a.,Compliance issues identified,Satisfactory,Totam facere beatae modi reprehenderit corrupti accusamus.
Annual Financial Audit,2022-04-10 to 2020-09-21,5/23/2022,Evaluate financial statements,Operational procedures review,IT security vulnerabilities detected,IT systems require updates,9641277d-743b-4b48-99d6-d13ce5f7173c,Laudantium qui accusantium quia explicabo nesciunt omnis.,High,Potential financial loss,Upgrade IT security measures,Plans in place for improvement,Compliance,7/4/2024,Loan Approvals,Doloribus consectetur deserunt vitae.,Needs Improvement,Exercitationem dolore corporis et quae non.,RBI Guidelines,Compliant,Vel ex illo labore nam.,Magni quidem fugit sapiente maxime vitae modi.,Market Risk,Sit quae iste sint facilis consectetur.,High,Operational disruption,Quo libero beatae porro odit quod.,Cum consectetur ea accusamus.,Needs Improvement,Eligendi rerum nesciunt a a aspernatur.,Ab esse repudiandae assumenda qui magni eveniet.,Forgery,Earum sapiente ducimus libero sit.,Operational disruption,Vero id odit at.,Sapiente cupiditate asperiores labore molestiae animi nulla deleniti.,Account Opening,A beatae animi molestiae ad saepe labore ducimus.,A ducimus natus pariatur odit laborum accusamus.,Delectus dolores officia enim.,Sunt facilis maiores ratione.,Quo deserunt distinctio porro.,Optio voluptatibus eum ducimus atque animi.,Aliquam consequatur cum qui.,Compliance issues identified,Needs Improvement,Hic perspiciatis laboriosam.
Internal Controls Assessment,2022-08-16 to 2022-10-10,5/2/2020,Assess internal controls,Compliance with RBI guidelines,No major discrepancies,IT systems require updates,759fe8d5-4163-4b83-9279-ff0f6f078f04,Dignissimos accusantium maiores aperiam recusandae aspernatur praesentium.,Low,Operational disruption,Strengthen fraud prevention mechanisms,No immediate action required,Operations,4/17/2026,Loan Approvals,Cumque blanditiis vitae dignissimos earum minus laboriosam tempora.,Needs Improvement,Voluptatem nulla nihil excepturi perferendis dolorum facilis impedit.,AML/KYC Policy,Compliant,Soluta amet corporis autem.,Ad blanditiis minima.,Market Risk,Sequi repellat perspiciatis aspernatur hic ad vitae.,Medium,Potential financial loss,Maiores cupiditate molestias illo aperiam.,Illo consequatur ut corporis reiciendis sequi.,Ineffective,Sit adipisci enim alias alias.,Quos corrupti iusto magni occaecati voluptatum exercitationem labore.,Loan Fraud,Soluta doloribus impedit laboriosam soluta repellendus velit.,Operational disruption,Et quam velit quibusdam earum quibusdam.,Odio esse voluptatem exercitationem.,Account Opening,Consectetur nihil pariatur.,Porro voluptatibus ullam soluta libero quos.,Maxime mollitia voluptas impedit.,Laboriosam consequuntur dignissimos nisi dolores.,Aperiam minus laboriosam repudiandae adipisci alias atque.,Fugit veritatis distinctio sed vel quaerat.,Quidem eaque adipisci repellat fuga labore eum.,Overall compliant,Satisfactory,Magnam consequatur nesciunt explicabo placeat quaerat in.
Compliance Audit Report,2024-01-22 to 2021-03-08,1/1/2024,Ensure compliance with regulations,Assessment of internal control processes,High risk areas identified,Operational processes need improvement,af26f5b3-55a2-4bff-9ab5-51a0ee15de12,Ut molestiae laborum quae.,High,Reputational risk,Upgrade IT security measures,Plans in place for improvement,IT,3/4/2025,Loan Approvals,Vero ut quasi reiciendis perferendis aut.,Effective,Eius quis ad sed quo assumenda fugiat.,RBI Guidelines,Compliant,Sint quasi sint voluptatibus.,Nobis officiis ad placeat fuga.,Credit Risk,Consectetur voluptatum ut voluptas aliquam dolorem explicabo incidunt.,Low,Reputational risk,Autem at incidunt delectus distinctio.,Vitae iure quisquam cum ex nemo.,Ineffective,Veritatis natus consequuntur architecto.,Libero maiores exercitationem illo minima voluptatum beatae.,Identity Theft,Non blanditiis ipsam aut enim repudiandae itaque.,Reputational risk,Officiis eligendi rem vel tenetur provident.,Cumque quia omnis assumenda dolore.,Transaction Processing,Culpa suscipit nesciunt facilis officiis quas accusantium.,Sed iste quas consectetur architecto eos debitis recusandae.,Dicta fuga voluptatibus eius laudantium.,Perferendis perspiciatis illum fugit delectus modi libero.,Odio provident maxime eligendi soluta laudantium ullam soluta.,Sint consequuntur vitae a praesentium itaque ut.,Quia possimus tempore ipsa dignissimos illo repellat rerum.,Overall compliant,Satisfactory,Officiis in at sed.
Operational Audit Report,2022-02-07 to 2021-04-10,1/18/2020,Evaluate financial statements,Compliance with RBI guidelines,Significant control weaknesses,Financial statements are accurate,75fd5b08-b2a6-45a3-a654-50d3de82caa8,Ipsum sunt consequatur.,Medium,Operational disruption,Strengthen fraud prevention mechanisms,No immediate action required,IT,12/14/2024,Loan Approvals,Tempore doloribus mollitia deserunt occaecati saepe optio.,Effective,Maxime accusamus velit magnam repudiandae.,RBI Guidelines,Non-Compliant,Quae aliquid delectus doloremque vero.,Eos ipsum occaecati est.,Market Risk,Aliquam occaecati maxime nemo sint.,High,Reputational risk,Minima et sint porro numquam.,Quis debitis accusamus facere esse adipisci.,Needs Improvement,Veniam sequi quaerat exercitationem.,Reprehenderit omnis nostrum.,Forgery,Numquam corporis at eum blanditiis aliquid.,Potential financial loss,Rem natus vitae ducimus hic iste necessitatibus quo.,Dicta porro quod corporis nobis.,Transaction Processing,Sapiente est incidunt hic quod nemo quaerat.,Maiores aliquam at at provident culpa beatae beatae.,Earum fugiat maiores error numquam quos suscipit.,Temporibus dignissimos tempore eos.,Eaque et laboriosam aliquid repellat ipsa.,Repudiandae nemo repellendus.,Rem voluptatibus earum nesciunt repellendus molestiae non.,Overall compliant,Satisfactory,Consequuntur dolorem velit recusandae quis accusamus.
Quarterly Audit Report,2021-02-08 to 2024-02-05,11/25/2020,Evaluate financial statements,Operational procedures review,High risk areas identified,Financial statements are accurate,28acce8e-d303-4abf-86b2-422176da4e60,Nostrum nulla voluptatum est accusantium.,Medium,Reputational risk,Implement stricter controls,No immediate action required,IT,7/14/2025,Transaction Processing,Itaque officiis quia est sapiente minus.,Ineffective,Magni alias alias laudantium nulla.,AML/KYC Policy,Compliant,Ipsum blanditiis nesciunt illum laudantium qui incidunt.,Cumque incidunt distinctio.,Credit Risk,Iste mollitia itaque autem.,Medium,Reputational risk,Aspernatur necessitatibus cumque rem explicabo eum quidem.,Ipsa eos illum quae perferendis ab.,Ineffective,Numquam aliquid ipsam assumenda sed facere.,Corporis reiciendis natus.,Forgery,Vero a hic quis ex nihil.,Operational disruption,Neque cum repellat eaque corrupti.,Repellat dicta nesciunt praesentium suscipit praesentium.,Account Opening,Enim odio sed iusto minima.,Unde iusto at quam tempora a laudantium.,Magnam error perferendis consequatur pariatur deserunt quos.,Vero optio recusandae dolores aspernatur.,Minima incidunt at culpa ducimus mollitia.,Corporis iste illo saepe asperiores.,Odit possimus adipisci sequi error inventore laboriosam.,Operational efficiencies needed,Unsatisfactory,Tempore perspiciatis doloremque sequi.
Internal Controls Assessment,2021-11-06 to 2023-05-18,7/11/2022,Ensure compliance with regulations,IT systems and security assessment,Significant control weaknesses,Financial statements are accurate,17a79c6f-87d7-4ae7-94ee-aebde1d21296,Consequatur blanditiis distinctio aspernatur.,Low,Reputational risk,Implement stricter controls,Plans in place for improvement,IT,9/5/2025,Loan Approvals,Soluta aperiam quia rerum reprehenderit.,Ineffective,Harum veniam eum dignissimos.,AML/KYC Policy,Non-Compliant,Inventore facere provident eius nam accusamus ratione sint.,Eveniet laudantium odit explicabo adipisci.,Market Risk,Eaque vel distinctio porro veritatis et excepturi.,Medium,Operational disruption,Quas ducimus earum nesciunt.,Unde cum soluta vero expedita.,Needs Improvement,Nulla nemo fugit aliquid id itaque cumque.,Tempora expedita dicta incidunt id ut.,Forgery,Numquam pariatur minima repudiandae maiores sint.,Reputational risk,Sed at in consectetur consequuntur similique.,Nulla perspiciatis accusantium ipsa nihil fugiat.,Transaction Processing,Libero ab odio officiis distinctio quam eum.,Quia natus quae temporibus.,Deleniti eum quo quos illum illo sed.,Quaerat corporis nesciunt vero.,Ad in voluptatibus explicabo consectetur.,Magni nisi alias numquam enim placeat.,Sunt dolorem consequuntur deleniti amet corrupti.,Overall compliant,Satisfactory,Consectetur blanditiis voluptates.
Internal Controls Assessment,2021-07-06 to 2021-12-18,2/26/2021,Evaluate IT systems security,Fraud detection and prevention,Operational inefficiencies found,Fraud detection mechanisms are robust,002c99fc-b2fd-474c-9849-ffe4df3f2ad6,Blanditiis expedita vitae iure.,Low,Potential financial loss,Enhance compliance procedures,Plans in place for improvement,Operations,9/19/2024,Transaction Processing,Ipsum eum adipisci quia quasi est.,Effective,Iure consectetur unde repudiandae voluptatum dolores culpa.,AML/KYC Policy,Non-Compliant,Beatae harum itaque ipsam mollitia impedit.,Eum ipsa nesciunt.,Operational Risk,Commodi hic qui illum.,Medium,Operational disruption,Natus accusantium mollitia cumque placeat dicta.,Necessitatibus deleniti provident sit at nisi.,Ineffective,Ducimus tempora sapiente debitis sapiente voluptas sequi ducimus.,Non earum vero iste incidunt.,Forgery,Facilis quisquam distinctio dolorem doloremque.,Operational disruption,Exercitationem dolore necessitatibus est iste.,Eos occaecati temporibus cumque est odit iste veritatis.,Loan Disbursement,Sed nostrum odit.,Eveniet deserunt repudiandae quia sit dolores aliquam necessitatibus.,Officiis sunt eos eveniet natus nemo.,Maxime doloremque quisquam itaque atque dignissimos ullam.,Magnam aliquid corrupti.,Ipsum earum officiis consequatur ipsam natus inventore.,Architecto odit dolorem modi cum quam.,Compliance issues identified,Unsatisfactory,At sint accusantium ducimus.
Quarterly Audit Report,2021-04-26 to 2024-05-21,4/20/2021,Evaluate IT systems security,Review of financial transactions,Minor compliance issues,Compliance requirements met,f4a8aa58-92f2-4108-821f-139d7196a2c8,Sequi rerum voluptatibus unde aperiam fuga.,High,Operational disruption,Strengthen fraud prevention mechanisms,No immediate action required,IT,8/16/2024,Loan Approvals,Sit porro id harum est iusto nihil.,Ineffective,Repudiandae laborum mollitia vitae alias amet.,RBI Guidelines,Non-Compliant,Quo explicabo illo tempore reiciendis deserunt voluptates.,Autem animi animi quos repudiandae soluta.,Credit Risk,Delectus harum eligendi voluptatibus.,Low,Operational disruption,Delectus accusantium numquam aperiam ex ipsam.,Non ad eum culpa dicta quae.,Needs Improvement,Dignissimos tempore aspernatur expedita quia commodi.,Veniam ipsa aut qui repellat a corrupti.,Forgery,Totam ab autem.,Operational disruption,Deserunt voluptatem eius facilis.,Culpa quibusdam illo consectetur.,Loan Disbursement,Repudiandae numquam provident assumenda voluptatum est.,Qui doloribus rerum voluptas earum nam fuga.,Doloremque sequi quos accusantium.,Blanditiis nisi laboriosam iste quasi.,Sed dignissimos deleniti impedit nobis nostrum doloribus.,Odit eveniet rem illum voluptates ullam.,Accusamus qui voluptatem praesentium.,Overall compliant,Needs Improvement,Quibusdam tempore in rerum quos suscipit.
Annual Financial Audit,2023-03-08 to 2024-02-21,2/2/2023,Assess internal controls,IT systems and security assessment,High risk areas identified,Compliance requirements met,1b0b2414-a3cc-4061-af0c-80aaa3f1d26d,Tenetur odit quaerat provident.,High,Potential financial loss,Upgrade IT security measures,No immediate action required,Compliance,5/28/2025,Customer Account Management,Tenetur possimus est explicabo consequuntur.,Effective,In debitis quis magnam tempora excepturi.,RBI Guidelines,Non-Compliant,Totam doloribus vel amet accusamus occaecati.,Consequatur sequi odio impedit esse deserunt.,Market Risk,Eveniet inventore illum.,High,Potential financial loss,Facere voluptate quo repellendus necessitatibus.,Occaecati cupiditate ratione ea quam in.,Needs Improvement,Nesciunt harum dicta tenetur soluta.,Eos repellat tenetur odio dolorum.,Loan Fraud,Ut at iste corrupti dolorem.,Reputational risk,Tempore perferendis deserunt.,Magni iste expedita possimus vitae deserunt tempora.,Account Opening,Eveniet doloremque ducimus tenetur.,Ducimus accusantium saepe sit distinctio asperiores atque quisquam.,Laudantium voluptatibus nemo earum accusamus magnam.,Libero dolore ratione repellendus amet iusto nisi.,Quas adipisci molestias rerum odit dicta nemo.,Provident nesciunt veniam quidem.,Nemo sequi numquam laboriosam eaque quaerat.,Compliance issues identified,Unsatisfactory,Ut quia rerum repellendus similique.
Risk Management Audit,2020-07-24 to 2020-11-09,6/6/2021,Evaluate financial statements,Review of financial transactions,Operational inefficiencies found,Compliance requirements met,6e3a4464-3e2c-455b-a321-a8406f8f2eed,Odit quia natus.,Medium,Potential financial loss,Enhance compliance procedures,Will address by next quarter,IT,7/7/2024,Transaction Processing,Tempore repellendus consequuntur ipsa iusto eum voluptates iure.,Needs Improvement,Nesciunt ex debitis eaque quasi nemo exercitationem.,AML/KYC Policy,Compliant,Cupiditate eaque sunt placeat.,Dolore voluptate at error.,Market Risk,Fugiat at aspernatur.,Low,Reputational risk,Quia natus fugiat optio.,Accusamus maiores unde dolorem.,Effective,Nesciunt nam odio consectetur iure.,Omnis aliquid et.,Forgery,Placeat corporis minima aliquid illo vel quas.,Operational disruption,Soluta neque inventore tempora ducimus.,Sapiente necessitatibus sint ipsam.,Loan Disbursement,Accusamus qui autem neque.,Exercitationem quam aspernatur neque minus.,Itaque excepturi distinctio.,Voluptatibus exercitationem eius saepe blanditiis necessitatibus.,Ut totam aut sapiente saepe.,Libero eaque maxime dolorem nihil necessitatibus.,Itaque dolorum quam.,Operational efficiencies needed,Satisfactory,Illum ullam tempora cumque nulla.
Risk Management Audit,2021-11-19 to 2021-07-24,6/28/2022,Evaluate financial statements,Assessment of internal control processes,Minor compliance issues,Operational processes need improvement,31a81f10-a6f6-4364-9232-c250c9b51c14,Eveniet quae repellendus doloribus.,High,Reputational risk,Implement stricter controls,No immediate action required,Compliance,6/24/2026,Customer Account Management,Velit vero est voluptatibus voluptatem eligendi adipisci.,Effective,Ad rem necessitatibus ipsum eveniet fuga.,RBI Guidelines,Non-Compliant,Eius aliquam ipsa aperiam.,Vero neque rem.,Market Risk,Nostrum nihil nisi accusantium amet aliquam.,Medium,Potential financial loss,Deleniti vel inventore ab.,Ad et modi quisquam harum ipsam.,Needs Improvement,Rerum sequi earum.,Molestiae quos possimus a.,Forgery,Reiciendis corporis occaecati consectetur impedit ut.,Potential financial loss,Eligendi accusamus recusandae est.,Eius quis distinctio explicabo.,Transaction Processing,Voluptatem magnam alias quae.,Exercitationem qui iusto impedit.,Deserunt natus ipsum.,Nemo voluptas dicta minima.,Asperiores ex at nulla dolore accusantium reiciendis provident.,Perferendis delectus minima unde.,Ut consequatur tempora voluptatem hic inventore molestias.,Operational efficiencies needed,Needs Improvement,Nemo tempora vero eaque similique quas laborum.
Annual Financial Audit,2022-09-21 to 2020-03-13,6/6/2024,Review operational efficiency,Assessment of internal control processes,Significant control weaknesses,Financial statements are accurate,dd1e627b-0840-43cc-8f3d-210f0f1b5d43,Dolores modi repellat ea dignissimos suscipit.,High,Potential financial loss,Improve operational efficiency,No immediate action required,Operations,7/21/2024,Transaction Processing,Dolore tenetur ipsa fugiat a delectus odit.,Effective,Minima cumque fuga quasi repudiandae omnis ab cumque.,RBI Guidelines,Compliant,Totam delectus pariatur quasi reiciendis nihil ducimus ducimus.,Mollitia ea hic atque culpa qui cum.,Operational Risk,Possimus veniam iure exercitationem animi eligendi.,High,Potential financial loss,Tempore sapiente veniam inventore earum.,Suscipit totam in consequuntur blanditiis inventore.,Needs Improvement,Nihil fugit veniam veniam eos recusandae officia.,Accusamus at quos ad.,Identity Theft,Quidem reiciendis nemo dolore blanditiis molestias magni assumenda.,Potential financial loss,Dolore deleniti at quam odit est consequatur id.,Perferendis maxime quo explicabo harum.,Account Opening,Soluta vero animi ullam cupiditate asperiores non.,Impedit quod quidem nam corporis repellendus.,Asperiores tenetur et.,Quam temporibus cupiditate recusandae.,Architecto ad sunt quo.,Incidunt neque reprehenderit optio sint voluptatem.,Sequi praesentium autem eos.,Overall compliant,Needs Improvement,Facere veniam blanditiis.
Operational Audit Report,2020-02-06 to 2023-09-10,2/26/2023,Detect and prevent fraud,Compliance with RBI guidelines,Operational inefficiencies found,Fraud detection mechanisms are robust,a5ac3ccd-fe2a-4dee-850c-8d4e219bc03d,Fugiat ipsum veniam quia dolore harum.,High,Operational disruption,Strengthen fraud prevention mechanisms,Will address by next quarter,Finance,1/12/2026,Customer Account Management,Ipsam incidunt optio.,Ineffective,Laboriosam iusto quae quidem perspiciatis recusandae officiis.,AML/KYC Policy,Compliant,Voluptatibus doloremque placeat debitis officia.,Tempora error occaecati dolore.,Credit Risk,Ducimus ullam consequatur est deserunt exercitationem tenetur quaerat.,Low,Reputational risk,Nihil nemo nobis laudantium doloremque reiciendis.,Placeat mollitia amet eum.,Needs Improvement,Dignissimos ducimus debitis.,Voluptas ratione laborum veritatis.,Identity Theft,Unde ipsum rem.,Operational disruption,Sed soluta excepturi officiis nobis quam mollitia.,Accusantium doloribus dignissimos esse similique maxime.,Account Opening,Occaecati ipsa iure labore.,Ipsa iste repellendus.,Reiciendis quas dolorem quia voluptas quod laudantium.,Magni earum nam autem iure.,Reprehenderit dolore vel beatae iusto eligendi repellat.,Accusamus fuga numquam debitis a doloribus.,Molestias voluptatem quisquam.,Operational efficiencies needed,Unsatisfactory,Est repellendus voluptatum.
IT Systems Audit,2020-11-08 to 2023-10-28,5/28/2023,Ensure compliance with regulations,Review of financial transactions,Significant control weaknesses,Operational processes need improvement,9a20e701-e83e-471e-a5b1-f60a7b9f47d2,Iste culpa doloribus voluptates nobis labore sit.,High,Operational disruption,Strengthen fraud prevention mechanisms,Plans in place for improvement,IT,11/29/2024,Customer Account Management,Deserunt harum minus consectetur corrupti vero eligendi.,Effective,Ipsum veritatis tempora harum suscipit repudiandae.,RBI Guidelines,Non-Compliant,Illum qui quis eos voluptate optio.,Doloremque nesciunt rerum odio ea tenetur.,Market Risk,Numquam nemo accusantium.,Medium,Operational disruption,Necessitatibus omnis rem.,Consequuntur voluptatem voluptatem velit ab.,Needs Improvement,Laborum ipsa mollitia at nisi officia.,Facere aperiam consectetur non explicabo.,Forgery,Reiciendis eius tempore pariatur laboriosam molestias atque.,Reputational risk,Voluptatum tempora minima aperiam libero quia sequi.,Aperiam quo error ipsa excepturi.,Loan Disbursement,Laboriosam dolor voluptate et.,Error voluptates vitae nobis iste voluptate ea.,A accusantium numquam eum est assumenda deserunt.,Occaecati officiis vitae eius sit.,Possimus eveniet dolorum pariatur voluptas delectus.,Quaerat illum aperiam.,Modi repellat ex culpa quae unde.,Overall compliant,Needs Improvement,Temporibus culpa cum suscipit ea voluptatum.
Risk Management Audit,2022-08-21 to 2023-06-20,2/9/2021,Evaluate financial statements,IT systems and security assessment,Significant control weaknesses,IT systems require updates,e1eb9e78-67b0-4b66-ba02-451ae85cf057,Quis ullam commodi.,High,Reputational risk,Enhance compliance procedures,Will address by next quarter,Finance,6/8/2025,Transaction Processing,Omnis nobis et voluptatum.,Effective,Cum voluptatem quam quibusdam.,RBI Guidelines,Compliant,Laboriosam perferendis sit laudantium totam aliquid.,Sed qui deserunt temporibus corporis ducimus minus.,Credit Risk,Nisi minima vel ullam enim asperiores magni.,High,Potential financial loss,Aut sed reprehenderit soluta nostrum expedita et.,Iusto asperiores assumenda illum laudantium.,Effective,Quos ab occaecati voluptatum.,Ab omnis iusto veritatis nisi.,Forgery,Nemo magni dolore non placeat et accusantium.,Reputational risk,Aliquam eveniet ut.,Reiciendis ullam odio illum doloremque occaecati cumque.,Transaction Processing,Reprehenderit aut quidem facere harum.,Rerum recusandae nisi est corporis.,Nisi quo debitis corrupti laudantium blanditiis.,At quae earum vero reprehenderit consequuntur magni.,Esse veritatis magni quod distinctio inventore.,Ab praesentium ducimus aperiam soluta minima soluta.,Ipsum molestias nulla placeat quibusdam assumenda.,Operational efficiencies needed,Satisfactory,Rem repellendus odio nam minus.
IT Systems Audit,2023-10-28 to 2020-01-24,7/22/2023,Evaluate IT systems security,Review of financial transactions,Operational inefficiencies found,IT systems require updates,bd15b141-46d9-48f5-aa88-4cacb1191678,Reiciendis repellendus quam dolorem quis hic.,High,Potential financial loss,Enhance compliance procedures,Plans in place for improvement,IT,11/26/2025,Transaction Processing,Harum veniam ad non dignissimos autem maiores.,Ineffective,Eum temporibus sed ullam.,RBI Guidelines,Non-Compliant,Accusamus eos ipsa consequatur possimus recusandae.,Deleniti temporibus eveniet voluptatem doloribus ipsa ducimus.,Operational Risk,Eos deleniti sunt cumque quaerat nihil.,Low,Potential financial loss,Doloribus eveniet magni animi dolorum esse quasi.,Tempore corrupti quo sed rerum.,Ineffective,Nostrum molestiae odio saepe culpa eligendi maiores.,Odio quam distinctio totam repellendus rem.,Identity Theft,Dignissimos esse eius voluptatem.,Reputational risk,Nobis vel non ipsa.,Nulla labore voluptatem occaecati assumenda impedit numquam.,Transaction Processing,Ipsum animi impedit eum.,Soluta minima iure possimus dolore.,Quidem velit quisquam hic commodi tempore ipsam.,Dignissimos cum neque reprehenderit tenetur animi.,Repudiandae aspernatur nesciunt repellat optio.,Eveniet facilis sunt molestiae vel temporibus.,Deserunt officiis animi incidunt sint exercitationem dolore aut.,Overall compliant,Needs Improvement,Soluta repellendus repellendus voluptatum.
IT Systems Audit,2023-08-28 to 2023-05-01,11/3/2022,Evaluate financial statements,Operational procedures review,High risk areas identified,IT systems require updates,175e1856-1a67-4fea-bb19-9e7af3e5490b,Ipsum consequatur adipisci suscipit eaque error.,Low,Potential financial loss,Strengthen fraud prevention mechanisms,Will address by next quarter,IT,2/11/2026,Transaction Processing,Tempore ipsa vitae voluptatibus tenetur eos maxime.,Ineffective,Similique odio reprehenderit voluptatem nesciunt fuga saepe atque.,AML/KYC Policy,Non-Compliant,Aut ab nisi odio.,Dolores sit nulla accusantium deleniti sed modi.,Operational Risk,Nesciunt deleniti distinctio ea et.,Low,Potential financial loss,Error ea esse maiores sit culpa necessitatibus minima.,Iste neque ipsum laudantium exercitationem hic dolor occaecati.,Ineffective,Voluptates exercitationem reiciendis porro illum quos fugit voluptatibus.,Corporis voluptatem nemo illum esse.,Forgery,Impedit aut fugit dicta.,Reputational risk,Sunt magni dolore inventore incidunt.,Ratione vero laboriosam rerum maiores.,Loan Disbursement,Expedita natus quisquam quibusdam culpa.,Sint consectetur vitae ut doloremque.,Cupiditate asperiores laudantium maiores.,Asperiores nulla rerum saepe.,Eius fuga ex distinctio.,Voluptas alias impedit porro vitae error.,Aperiam cupiditate facere nihil molestiae at corrupti.,Compliance issues identified,Satisfactory,Nisi voluptas quaerat magnam illum accusantium debitis.
Risk Management Audit,2023-01-08 to 2021-04-24,7/29/2021,Detect and prevent fraud,Review of financial transactions,No major discrepancies,Compliance requirements met,434cd3ee-8814-4a1a-8684-7d8c67d146c9,Pariatur amet adipisci quis nemo.,Medium,Reputational risk,Upgrade IT security measures,No immediate action required,IT,4/20/2026,Customer Account Management,Aperiam ut nobis excepturi officiis cupiditate.,Needs Improvement,Id minus iure minus harum accusantium.,AML/KYC Policy,Compliant,Commodi asperiores sint iste harum.,Vero debitis quia voluptatum aperiam impedit.,Market Risk,Odio iste sed harum sunt neque.,High,Potential financial loss,Saepe ipsam est omnis repellat reprehenderit.,Vero in atque saepe aut tempore facilis.,Needs Improvement,Culpa omnis iusto nam.,Reprehenderit earum neque nam quo voluptates quae saepe.,Identity Theft,Deleniti officiis dolores optio vitae fugiat cumque.,Reputational risk,Aliquam commodi dolore corrupti aut soluta.,Non atque consectetur minima ab.,Transaction Processing,Tenetur id ullam aut nulla omnis eius amet.,Assumenda architecto fugiat officiis beatae autem totam.,Vitae repudiandae odit ullam quaerat.,Cumque natus voluptates molestiae.,Saepe veritatis culpa qui.,Perferendis maxime impedit nihil earum corrupti ratione tenetur.,Animi corporis nisi recusandae blanditiis.,Operational efficiencies needed,Needs Improvement,Animi vel placeat praesentium.
IT Systems Audit,2022-03-05 to 2024-02-15,4/23/2021,Detect and prevent fraud,Assessment of internal control processes,Operational inefficiencies found,Internal controls are effective,c1d19a8c-6c34-4bb3-bf33-af7f9c55a507,Earum perferendis sequi nemo.,Medium,Operational disruption,Strengthen fraud prevention mechanisms,Plans in place for improvement,Finance,5/7/2025,Transaction Processing,Ea numquam veniam laboriosam.,Ineffective,Quisquam deleniti repellat aspernatur quasi iusto.,RBI Guidelines,Non-Compliant,Officiis pariatur totam cupiditate iusto dicta.,Facere officiis aliquid a dolores.,Market Risk,Temporibus odit in quas at.,Low,Reputational risk,Dolorem minus dicta iste mollitia officia.,Expedita omnis corporis molestias facere recusandae.,Effective,Temporibus odio excepturi saepe autem dolores.,Quod saepe doloribus sequi quod.,Identity Theft,Sapiente fugiat fugiat tempore quos aliquid natus.,Reputational risk,Explicabo voluptates inventore mollitia culpa.,Perferendis dolor numquam et consequuntur aliquid.,Transaction Processing,Aut illum iure odio totam optio adipisci.,Maiores consequuntur dolore aliquid perferendis omnis.,Similique rerum at distinctio quod laboriosam perferendis.,Assumenda possimus aliquam provident.,Error debitis culpa repellendus.,Aliquam iste deserunt praesentium corporis.,Voluptates delectus consequuntur perferendis repellat.,Compliance issues identified,Satisfactory,Consequuntur architecto reprehenderit dolores.
Risk Management Audit,2020-04-13 to 2023-10-27,8/12/2023,Ensure compliance with regulations,Review of financial transactions,No major discrepancies,Financial statements are accurate,c2653c6f-f1cf-40f4-9d98-4873b57242e0,Consequatur ratione numquam.,Low,Potential financial loss,Enhance compliance procedures,No immediate action required,Compliance,7/24/2025,Transaction Processing,Facere distinctio quidem repudiandae ipsam ducimus modi occaecati.,Ineffective,Praesentium iste illo magnam.,RBI Guidelines,Compliant,Illum maiores dolorum ipsam.,Vero maxime et maiores nihil in tenetur.,Market Risk,Officia harum consequuntur.,Medium,Potential financial loss,Quae unde debitis.,Possimus dolor rem optio officia iste.,Ineffective,Eligendi hic doloremque neque natus.,Tempora earum reprehenderit.,Identity Theft,Deleniti officiis provident explicabo.,Reputational risk,Neque nesciunt perspiciatis neque corrupti similique.,Hic saepe provident quibusdam.,Account Opening,Harum non molestiae.,Quam provident excepturi.,Eos dolores sed distinctio.,Occaecati ab atque quo aliquam.,Odio in tempora deserunt repellendus.,Dolore aperiam perferendis quos atque aspernatur.,Eveniet soluta aperiam magnam quia atque.,Overall compliant,Needs Improvement,In repellendus repellendus a.
IT Systems Audit,2020-10-02 to 2024-06-22,2/25/2024,Ensure compliance with regulations,IT systems and security assessment,High risk areas identified,Fraud detection mechanisms are robust,30e15ddd-aeab-4f98-a826-f51b15682298,Ipsum tenetur magnam ut rerum ullam repellat.,Low,Reputational risk,Improve operational efficiency,No immediate action required,Operations,10/18/2025,Customer Account Management,Sint voluptatum repellat deleniti.,Ineffective,Ad nam culpa exercitationem.,AML/KYC Policy,Compliant,Dolores dicta itaque atque et placeat pariatur.,Similique quam voluptatum aspernatur officia molestias reprehenderit.,Credit Risk,Quidem suscipit excepturi tempora eveniet et fugit.,High,Reputational risk,Veniam facilis saepe sint quia.,Saepe et eaque consequatur magni eaque.,Effective,Earum numquam aut.,Sequi veniam dicta beatae harum ea aspernatur libero.,Forgery,Nostrum repudiandae odio iste dicta voluptas.,Operational disruption,Molestiae ratione quas provident.,Provident quasi assumenda fugiat rerum perspiciatis.,Account Opening,Illo asperiores asperiores veniam.,Ratione voluptatum earum corrupti sint doloremque.,Dolorum nulla nisi eos quasi.,Incidunt veniam officia placeat vitae laudantium.,Eveniet adipisci dolorum consectetur.,Veritatis voluptas molestias sed excepturi.,Doloremque cum rem minima beatae.,Operational efficiencies needed,Unsatisfactory,Iste facilis officiis earum eius ratione.
Annual Financial Audit,2021-12-29 to 2020-03-05,5/27/2023,Detect and prevent fraud,Review of financial transactions,Operational inefficiencies found,IT systems require updates,6b47e604-606c-4048-91b1-3abac7a60279,Assumenda quas vitae maiores dolorum optio.,Low,Operational disruption,Enhance compliance procedures,Will address by next quarter,Compliance,11/1/2024,Transaction Processing,Cum iure fuga repellendus necessitatibus natus hic.,Effective,Animi harum fuga rerum assumenda omnis distinctio.,RBI Guidelines,Compliant,Necessitatibus dignissimos cum deserunt.,Aut nam fugiat.,Credit Risk,Veritatis doloremque molestiae dignissimos praesentium.,Low,Potential financial loss,Sapiente illum cumque sed.,Quis rerum repellat qui.,Ineffective,Commodi repudiandae vero quis.,Eligendi eaque debitis amet provident.,Identity Theft,Aspernatur blanditiis animi non necessitatibus.,Operational disruption,Mollitia sed rerum quos.,In doloremque provident itaque.,Loan Disbursement,Autem maiores fugit nisi sunt est officia.,Aut optio voluptas corporis reiciendis temporibus repellendus.,Nulla quasi quidem cum corporis.,Temporibus adipisci qui.,Voluptatem illo autem quo aperiam voluptates.,Ducimus sapiente sunt reprehenderit eaque.,Ducimus iusto rerum aliquid nemo.,Compliance issues identified,Needs Improvement,Incidunt earum nisi iste.
IT Systems Audit,2021-07-08 to 2022-06-24,5/15/2022,Review operational efficiency,Fraud detection and prevention,Minor compliance issues,Compliance requirements met,fb2ac6a3-0edd-4b1d-af80-d347e217493e,Cumque at quia molestiae tempora blanditiis tempora.,High,Potential financial loss,Implement stricter controls,Will address by next quarter,Operations,11/12/2024,Customer Account Management,Quasi ut sapiente nisi distinctio velit autem ducimus.,Needs Improvement,Eum iusto eaque quam.,AML/KYC Policy,Compliant,Quasi laboriosam dolores deleniti omnis quasi.,Rerum veritatis nemo suscipit dolorum.,Market Risk,Repellendus eveniet dolore corporis tempora.,High,Operational disruption,Possimus sapiente odit quisquam.,Suscipit distinctio culpa omnis.,Needs Improvement,Possimus pariatur in.,Dolores fugit cupiditate quis.,Forgery,Fugiat molestias autem voluptatum.,Potential financial loss,Molestiae omnis laudantium consequatur accusamus fuga delectus.,Ratione adipisci dolor tenetur autem.,Loan Disbursement,Delectus quibusdam neque odio.,Harum molestiae ex consectetur a.,Nesciunt iure voluptate exercitationem in dignissimos non laborum.,Repudiandae neque dignissimos corrupti aut quae laudantium.,Incidunt ea sapiente blanditiis.,Repudiandae temporibus sapiente voluptatibus fuga eligendi.,Voluptates id corporis.,Compliance issues identified,Unsatisfactory,Quasi quam assumenda corrupti soluta quibusdam.
Quarterly Audit Report,2023-05-27 to 2023-10-06,10/25/2021,Assess internal controls,Compliance with RBI guidelines,High risk areas identified,Financial statements are accurate,3cc3db5c-cdd0-402b-9ba3-0ba8da8151c7,Eligendi excepturi ea doloremque incidunt quae unde.,Low,Reputational risk,Improve operational efficiency,Will address by next quarter,Finance,11/4/2025,Loan Approvals,Commodi dolore repellat blanditiis laboriosam dolor.,Needs Improvement,Alias aspernatur repudiandae exercitationem saepe dignissimos soluta.,AML/KYC Policy,Non-Compliant,Nulla itaque dolor dicta.,Voluptatem sed quis accusantium vitae.,Credit Risk,Optio perspiciatis error quos.,Low,Reputational risk,Corporis sed laboriosam.,Autem molestiae sapiente consequuntur cumque pariatur.,Ineffective,Dignissimos perspiciatis quod aspernatur dolorem.,Doloremque fuga dicta nemo laboriosam.,Identity Theft,Saepe incidunt pariatur sit id.,Operational disruption,Distinctio voluptatum nulla sapiente in quaerat.,Repellendus quasi culpa fugit aperiam illum dignissimos.,Transaction Processing,Veniam ipsam ad commodi.,Magnam tempora non amet nulla nemo nemo incidunt.,Distinctio sunt a dicta debitis.,Alias distinctio adipisci porro.,Perferendis ipsam perferendis doloremque consequuntur aspernatur pariatur.,Non modi iste delectus nihil.,Eveniet earum temporibus doloremque sunt odit doloremque.,Operational efficiencies needed,Needs Improvement,Ducimus aperiam qui rerum et nemo illum consequatur.
Quarterly Audit Report,2023-05-01 to 2020-02-24,5/17/2023,Assess internal controls,Review of financial transactions,IT security vulnerabilities detected,Operational processes need improvement,506dd51e-7909-436f-818e-22a4b7241320,Voluptatibus eveniet numquam magnam eligendi.,Low,Reputational risk,Implement stricter controls,No immediate action required,IT,1/20/2026,Transaction Processing,Culpa illum veritatis sed labore id.,Effective,Nulla ipsam repellendus esse voluptate.,RBI Guidelines,Non-Compliant,Excepturi sunt ullam accusantium id impedit.,Error numquam tempore doloribus dignissimos nemo aperiam officiis.,Credit Risk,In distinctio voluptates.,Medium,Potential financial loss,Repellendus aperiam nulla nam.,Beatae aliquid culpa quam harum dolores.,Ineffective,Animi cum excepturi eligendi numquam laboriosam enim.,Quas maiores minus rem eaque vel eius nostrum.,Forgery,Error reprehenderit laudantium accusantium minus eaque cumque modi.,Operational disruption,Cupiditate fuga voluptate aliquid repellendus voluptas omnis vel.,Expedita quas quas quasi eveniet.,Transaction Processing,Ut consequuntur quaerat dolores cupiditate adipisci.,Deleniti earum deserunt iure quisquam consequatur dignissimos eum.,Voluptate deserunt totam neque et eius illum.,Iste accusamus necessitatibus at quaerat laborum possimus.,Aperiam soluta fuga consectetur et.,Numquam dignissimos voluptatibus quod.,Iusto autem qui nobis.,Overall compliant,Satisfactory,Accusantium ut ex ea ad placeat vitae.
Operational Audit Report,2020-03-30 to 2020-10-02,10/11/2021,Assess internal controls,IT systems and security assessment,Significant control weaknesses,Financial statements are accurate,b7f86ffa-30e6-4f3f-a6a1-fc85820cfc38,Nostrum ipsum cupiditate.,Low,Operational disruption,Improve operational efficiency,No immediate action required,Finance,1/17/2026,Loan Approvals,Doloremque non fugit officia exercitationem.,Ineffective,Excepturi error occaecati reiciendis inventore maiores odit sapiente.,AML/KYC Policy,Compliant,Animi quis adipisci voluptates.,Quo commodi temporibus voluptas aspernatur maiores quod.,Market Risk,Tempore sint quaerat cum perspiciatis tempore.,Low,Reputational risk,Veritatis minus velit.,Reprehenderit officia dicta accusantium.,Ineffective,Id facere esse quam accusamus nihil.,Accusantium nesciunt beatae nostrum esse vero facilis.,Identity Theft,Quidem expedita consequatur numquam soluta facere vitae.,Reputational risk,Qui porro quod quidem fugiat molestias iste.,Beatae veritatis quo maiores.,Transaction Processing,Optio explicabo voluptatibus magni neque alias.,Incidunt doloremque repudiandae harum rerum accusantium nostrum.,Quisquam ducimus reprehenderit incidunt ex corporis temporibus.,Tempora commodi voluptatem repellat enim numquam id laborum.,Expedita fugiat quasi voluptas molestias mollitia possimus ipsum.,Quis sit a at amet dolor vitae.,Veniam nostrum possimus eius sunt.,Compliance issues identified,Unsatisfactory,Et sed quas voluptatum aspernatur qui molestiae.
IT Systems Audit,2021-03-12 to 2022-01-04,4/16/2024,Ensure compliance with regulations,IT systems and security assessment,High risk areas identified,Operational processes need improvement,c1bb705e-7115-4a90-9c29-9b4badb23db7,Officiis voluptatum magnam alias nobis cum nulla.,Low,Potential financial loss,Enhance compliance procedures,No immediate action required,IT,2/22/2025,Customer Account Management,Tempora dicta quos repellat praesentium omnis facere.,Ineffective,Cum reprehenderit quia veritatis.,RBI Guidelines,Non-Compliant,Perspiciatis quidem dignissimos voluptatem est non autem.,Debitis eum minus natus cupiditate.,Market Risk,Quae maxime cum deleniti excepturi numquam nostrum.,Low,Reputational risk,Fuga aperiam nostrum dolore ipsa perferendis.,Similique eos enim adipisci dolores consectetur.,Ineffective,Fugit ea doloremque dolorum inventore nostrum.,Eligendi quae earum inventore aliquam commodi repellendus.,Identity Theft,Esse explicabo quaerat tenetur.,Operational disruption,Perspiciatis error recusandae quisquam quas iure laboriosam.,Omnis nisi rerum.,Account Opening,Harum fuga totam recusandae quidem odit.,Nemo nisi maxime dolorum totam fugiat.,Possimus beatae inventore fugit veritatis est expedita.,Odio corporis ea aperiam maiores.,Voluptatibus excepturi voluptas.,Dolorum tempora eum.,Magni odit aliquid natus corrupti.,Compliance issues identified,Needs Improvement,Adipisci dicta enim inventore mollitia similique id.
Compliance Audit Report,2022-04-08 to 2022-06-20,1/9/2024,Detect and prevent fraud,Compliance with RBI guidelines,Minor compliance issues,Internal controls are effective,c2cfbb87-0276-4012-8dd3-af9d68a49b21,Ipsa animi soluta ullam praesentium reprehenderit et.,Medium,Potential financial loss,Strengthen fraud prevention mechanisms,Will address by next quarter,IT,3/16/2026,Transaction Processing,Ab eveniet neque porro.,Ineffective,Deleniti accusantium ullam magnam.,RBI Guidelines,Non-Compliant,Quos illo facilis dignissimos eligendi.,Ut culpa sint itaque culpa illo cumque.,Operational Risk,Ut magnam vitae laboriosam.,High,Potential financial loss,Nesciunt beatae provident facilis.,Eaque dolor tempore veniam veniam incidunt aliquam.,Needs Improvement,Cumque corporis harum fuga atque modi.,Delectus nisi iste dolore quas ratione magni.,Forgery,Nemo dolorem consequuntur deleniti et.,Potential financial loss,Illo ratione dolorem culpa veniam reprehenderit.,Aperiam iusto perspiciatis soluta pariatur voluptatibus in neque.,Transaction Processing,Cum iste tempora libero tempora fuga.,Dolore nam nesciunt natus vero.,Sed ipsa a dicta.,Ullam eveniet occaecati molestias perferendis sapiente.,Sapiente dicta neque sequi.,Expedita adipisci magnam qui reprehenderit.,Harum enim ducimus.,Operational efficiencies needed,Unsatisfactory,Delectus quae labore dolor similique modi a.
Annual Financial Audit,2022-11-04 to 2021-04-19,3/27/2022,Assess internal controls,Fraud detection and prevention,IT security vulnerabilities detected,Fraud detection mechanisms are robust,a410812f-7ffe-4b07-bd24-e335653db395,Reiciendis illo ratione minus excepturi sunt.,Low,Reputational risk,Implement stricter controls,Plans in place for improvement,IT,1/7/2026,Customer Account Management,Distinctio soluta voluptatibus.,Needs Improvement,Architecto id minima ea sunt.,RBI Guidelines,Compliant,Reprehenderit temporibus neque quae saepe numquam.,Dicta tenetur at magnam.,Credit Risk,In labore deserunt sed molestias.,Medium,Potential financial loss,Vitae maxime facilis ipsum fugiat incidunt.,Laboriosam veritatis eligendi voluptatem enim.,Ineffective,Dolorum perspiciatis aliquid enim nisi occaecati.,Quis qui corrupti fugit repudiandae eum maxime atque.,Forgery,Quia voluptatibus blanditiis consequatur officia ab.,Potential financial loss,Consequatur nulla aspernatur esse dolorum.,Quidem doloribus debitis omnis voluptatibus inventore autem aut.,Loan Disbursement,Nobis molestiae neque perferendis.,Non ducimus consequuntur dolorum nesciunt nihil.,Inventore quaerat corrupti adipisci.,Tempora quidem ratione sint sapiente.,Sunt ex aliquid unde consequatur corrupti.,Molestiae ex maiores commodi.,Sequi officiis ea eum asperiores nam repudiandae sit.,Compliance issues identified,Needs Improvement,Ad sequi ratione exercitationem minus.
Annual Financial Audit,2022-11-13 to 2023-08-19,10/25/2021,Evaluate financial statements,Compliance with RBI guidelines,No major discrepancies,Fraud detection mechanisms are robust,679d36e9-fff7-46a8-97af-8573d95fdea8,Perferendis rerum earum fugiat quo alias veritatis odit.,Low,Potential financial loss,Implement stricter controls,Plans in place for improvement,Compliance,2/18/2025,Transaction Processing,Quaerat enim recusandae earum numquam eveniet deserunt.,Effective,Cumque debitis a consequatur.,RBI Guidelines,Compliant,Ad qui tenetur illo et odit in.,Magnam unde quas corporis nam necessitatibus accusamus in.,Market Risk,Ea unde nulla.,High,Operational disruption,Impedit ipsa aliquam nihil voluptas.,Quas consequatur beatae.,Needs Improvement,Tempore recusandae enim.,Cum iste in doloremque illo veritatis illum.,Identity Theft,Mollitia necessitatibus delectus ex at cum.,Potential financial loss,Quibusdam iusto maiores molestiae.,Quasi perferendis eos.,Account Opening,Molestiae quia nesciunt facere.,Quaerat fuga vel accusamus et totam.,Vero distinctio ducimus.,Animi quibusdam culpa dolorem molestiae officiis.,Quas quibusdam quo eos.,Suscipit eaque minus voluptates aspernatur.,Mollitia doloremque amet vel ad sunt.,Compliance issues identified,Satisfactory,Ipsam id nulla commodi assumenda omnis possimus eaque.
Annual Financial Audit,2020-06-09 to 2023-07-26,2/3/2022,Evaluate financial statements,Operational procedures review,Operational inefficiencies found,Operational processes need improvement,2d3a425a-d57a-4eb1-a4b5-13b3d28eeb26,Mollitia quae cupiditate incidunt eius nulla aliquam.,High,Operational disruption,Upgrade IT security measures,Will address by next quarter,Compliance,4/1/2025,Customer Account Management,Iusto quisquam cumque reiciendis iste optio.,Needs Improvement,Eligendi quidem dolor illo natus explicabo ipsum quisquam.,RBI Guidelines,Compliant,Ad fugiat voluptatibus dolorum.,Magnam odit id deleniti.,Credit Risk,Dolores illo ratione accusamus.,Medium,Reputational risk,Molestias explicabo sequi debitis.,Fuga enim hic maiores.,Ineffective,Tempora eum suscipit.,Mollitia aut esse hic.,Identity Theft,Provident beatae doloremque.,Operational disruption,Ut veniam repudiandae harum.,Commodi quas deleniti.,Account Opening,Temporibus necessitatibus non quisquam facere nostrum.,Odio sit vitae totam nostrum illo.,Nobis ullam veniam maiores voluptates laboriosam.,Alias illo et quasi ipsa.,Dolorem officiis quis voluptatum excepturi.,Voluptate eum reprehenderit tenetur.,Repellat tenetur ea ipsa porro quasi.,Operational efficiencies needed,Needs Improvement,Accusantium similique molestias pariatur provident ad.
Compliance Audit Report,2022-12-19 to 2022-06-25,2/11/2023,Evaluate IT systems security,Review of financial transactions,High risk areas identified,Compliance requirements met,5cb6362c-6484-4045-8c24-431bf709c80a,Quasi omnis soluta recusandae atque earum ipsa porro.,Low,Potential financial loss,Strengthen fraud prevention mechanisms,No immediate action required,Finance,8/24/2024,Loan Approvals,Porro earum cumque ipsum voluptate totam.,Effective,Fuga doloremque deserunt provident architecto placeat amet.,AML/KYC Policy,Non-Compliant,Dolorum similique nihil alias.,Ad laborum inventore quisquam quasi eligendi.,Credit Risk,Excepturi quae voluptate similique tenetur.,High,Operational disruption,Praesentium dolores recusandae perferendis veniam cumque aliquam molestias.,Possimus exercitationem ad repellendus tempora neque amet.,Effective,Provident placeat hic quibusdam sed labore.,Voluptatem nobis et ad libero ipsa.,Loan Fraud,Reiciendis atque incidunt fuga placeat ipsam numquam.,Operational disruption,Dignissimos occaecati eum tempora atque.,Voluptas vel ea rerum officiis dignissimos eaque itaque.,Account Opening,Dolore maxime a.,Expedita illum voluptates rerum.,Minima consectetur debitis assumenda.,Beatae in recusandae alias doloribus sunt quos.,Fugiat odio excepturi explicabo id tempora.,Dignissimos unde dolore quaerat rerum.,Unde commodi quia ipsam non odit minima.,Compliance issues identified,Unsatisfactory,Sequi incidunt iure eum quia ipsa.
Operational Audit Report,2023-03-25 to 2023-08-19,7/30/2023,Ensure compliance with regulations,Assessment of internal control processes,Minor compliance issues,Fraud detection mechanisms are robust,1948be83-bee0-460c-83aa-a6c0869cd5e5,Atque corporis modi doloribus.,Medium,Reputational risk,Improve operational efficiency,Plans in place for improvement,Compliance,6/29/2026,Transaction Processing,Veniam hic eos architecto ex minus aut qui.,Needs Improvement,Perspiciatis culpa autem labore.,AML/KYC Policy,Non-Compliant,Delectus cumque quod nostrum.,Consequuntur corrupti quisquam sed.,Market Risk,Magnam labore explicabo voluptatibus repellendus fugit.,Low,Operational disruption,Quo natus est nam ex.,Debitis magnam eos facilis deserunt cumque alias.,Ineffective,Magni consequatur rerum esse amet distinctio culpa.,Architecto unde ab odit cumque qui ut.,Forgery,Totam tempore nam quibusdam mollitia.,Potential financial loss,Culpa rem consequatur architecto necessitatibus.,Perspiciatis voluptatibus maiores distinctio.,Account Opening,Explicabo repellendus aperiam at incidunt praesentium voluptatem.,Accusantium corrupti earum rem sunt odio quam.,Provident consectetur ad ea eos repudiandae necessitatibus.,Nemo deleniti ipsum.,Voluptatem reprehenderit praesentium suscipit odio distinctio.,Corrupti nihil doloremque optio reiciendis amet.,Quidem quasi odit error.,Compliance issues identified,Satisfactory,Vel at ratione sapiente.
Quarterly Audit Report,2024-06-11 to 2022-12-02,8/26/2021,Review operational efficiency,Operational procedures review,Significant control weaknesses,IT systems require updates,52c68143-af00-4ba1-96df-b39182671650,Mollitia velit laborum deserunt.,High,Potential financial loss,Strengthen fraud prevention mechanisms,Will address by next quarter,IT,7/31/2024,Transaction Processing,Sequi veritatis in earum.,Effective,Reprehenderit ullam ullam corrupti.,RBI Guidelines,Non-Compliant,Nostrum nisi at.,Delectus blanditiis eos tempore dolor explicabo.,Operational Risk,Placeat repellat repellat excepturi autem a accusantium quod.,Low,Operational disruption,A quo nostrum autem quo blanditiis saepe natus.,Iure laborum eveniet consequuntur ratione natus aliquam.,Effective,Eos et numquam fugiat exercitationem.,Minus quasi beatae deserunt odit labore.,Loan Fraud,Esse corrupti dolorum unde repellat.,Operational disruption,Voluptas quasi dolorem eius.,Suscipit quod eos beatae.,Loan Disbursement,Officiis fuga repellendus aliquam.,Ex cum quam nulla magni alias.,Ratione laboriosam harum aspernatur explicabo iusto tenetur.,Hic error soluta possimus enim.,Dolorem labore aliquid laboriosam sunt eaque aperiam.,Pariatur porro molestias ducimus nobis quas.,Id aspernatur repellat et recusandae.,Operational efficiencies needed,Unsatisfactory,Quidem distinctio occaecati rem incidunt repudiandae asperiores.
Risk Management Audit,2020-03-26 to 2021-07-30,11/10/2023,Evaluate financial statements,Fraud detection and prevention,Operational inefficiencies found,Fraud detection mechanisms are robust,31b6e037-268f-417d-98d2-24e0df1cf460,Eos illum facilis illo ad corrupti eum.,Low,Potential financial loss,Implement stricter controls,Will address by next quarter,Finance,7/24/2024,Customer Account Management,Recusandae molestiae quibusdam culpa sapiente autem.,Effective,Dolores accusantium sint voluptatibus beatae corporis.,AML/KYC Policy,Compliant,Consequatur autem laboriosam quaerat aperiam fugiat.,Dolorum tenetur odio praesentium.,Market Risk,Nam cupiditate totam blanditiis corrupti.,Low,Operational disruption,Ducimus mollitia recusandae quam omnis aliquid quaerat.,Adipisci fuga doloribus tenetur aspernatur.,Effective,Commodi non vero nemo aliquid dolore accusantium.,Eveniet natus facere incidunt.,Forgery,Corporis vero sunt natus tempore.,Potential financial loss,Ducimus reprehenderit animi unde in quisquam.,Maiores in quidem earum.,Loan Disbursement,Dolores culpa commodi ullam vel commodi.,Earum veniam omnis dolor nihil rerum esse dolorem.,Nihil corporis nemo modi qui dicta temporibus.,Quo necessitatibus fuga.,Ex quas quaerat.,Voluptas vitae molestiae sed eum repudiandae cumque cum.,Corporis quae aperiam magni ab.,Operational efficiencies needed,Needs Improvement,Ad accusamus suscipit beatae recusandae maiores repellendus.
Operational Audit Report,2022-08-12 to 2022-11-25,7/14/2023,Assess internal controls,Assessment of internal control processes,Minor compliance issues,IT systems require updates,e19e0986-98fd-48d6-846e-298ea4e70e09,Cupiditate nostrum ea aut.,Low,Reputational risk,Improve operational efficiency,Will address by next quarter,IT,6/4/2026,Transaction Processing,Amet fugit dolor autem.,Needs Improvement,Libero veritatis quia enim vitae repudiandae saepe.,RBI Guidelines,Compliant,Aliquid quod alias ad eum.,Dignissimos quam eum ab.,Operational Risk,Facilis est ad dolores.,Low,Operational disruption,A magni eveniet vitae nobis.,Laboriosam ducimus sit quibusdam.,Effective,Rem maxime qui quos nisi impedit vero autem.,Corporis debitis nam ducimus totam dicta fuga.,Forgery,Tempora dolores odio autem iure.,Potential financial loss,Quidem placeat repellendus incidunt.,Suscipit officia provident deserunt.,Loan Disbursement,Rerum eligendi dolorum saepe cum id placeat assumenda.,Enim in quam dicta.,Sapiente quia suscipit odio dolorem aliquid rem.,Quasi magnam rerum suscipit quae nemo aspernatur at.,Culpa numquam repellat.,Temporibus sit distinctio laboriosam iure quo adipisci.,Esse ullam perspiciatis nostrum.,Overall compliant,Unsatisfactory,Nisi molestias eaque sequi ducimus.
Risk Management Audit,2021-10-07 to 2021-04-20,5/28/2021,Detect and prevent fraud,Fraud detection and prevention,Significant control weaknesses,Operational processes need improvement,8cf9ad8b-4c80-4923-8d7a-539fffbfe166,Placeat id odio eligendi.,Low,Reputational risk,Strengthen fraud prevention mechanisms,Will address by next quarter,Finance,3/19/2025,Transaction Processing,Animi atque quis consectetur maiores aperiam laboriosam laudantium.,Needs Improvement,Provident nam molestiae.,AML/KYC Policy,Compliant,Expedita facere id temporibus quaerat mollitia.,Suscipit deserunt asperiores pariatur aspernatur esse vero.,Credit Risk,Numquam perspiciatis dolorum quasi nihil aperiam saepe.,High,Reputational risk,Modi perferendis dolorem fugit deleniti maiores.,Accusantium rem et corporis ea perspiciatis illum.,Ineffective,Dolore quo minima nostrum.,Deserunt reiciendis ducimus fugiat nam.,Loan Fraud,Suscipit consequuntur quos.,Potential financial loss,Beatae minima magnam distinctio quos.,Dolore excepturi accusantium voluptatibus deleniti doloremque culpa.,Account Opening,Maiores laborum quaerat repellat.,Sit natus nam sint.,Inventore delectus iusto delectus repudiandae.,Animi unde officiis quos nam fugiat.,Labore doloremque debitis inventore.,Quibusdam debitis delectus explicabo molestias.,Delectus officia autem quae animi.,Overall compliant,Satisfactory,Eveniet animi nisi.
IT Systems Audit,2021-05-21 to 2020-12-23,5/22/2022,Evaluate financial statements,Review of financial transactions,Significant control weaknesses,Compliance requirements met,7c1244bf-b240-4e68-acd1-b70112e27f2e,Est porro temporibus neque.,High,Potential financial loss,Enhance compliance procedures,No immediate action required,Operations,11/22/2024,Customer Account Management,Id iste iure tempora repellat eos.,Needs Improvement,Illum reprehenderit ad magnam dolor incidunt debitis dolores.,AML/KYC Policy,Compliant,Officia vero veniam.,Nam earum illo saepe dolor ut.,Operational Risk,Placeat delectus ipsam nobis.,Low,Operational disruption,Necessitatibus quisquam fugit quod voluptatem.,Fuga at suscipit beatae cum.,Needs Improvement,Tenetur mollitia incidunt quo facilis suscipit dolorum.,Facere qui sapiente quos quod reiciendis.,Identity Theft,Velit odit quasi.,Reputational risk,Ducimus facilis at culpa illo porro.,Iure explicabo ratione iste dolore fugiat tempore.,Transaction Processing,Dolorem dolore et nisi totam architecto totam.,Odit at cumque cupiditate.,Explicabo reiciendis dolores tenetur facilis rerum.,Quidem explicabo ad a corrupti.,Fugit cum mollitia repellendus mollitia ipsa provident.,Reiciendis consectetur commodi aliquid alias nesciunt fugiat.,Rerum animi sed perspiciatis blanditiis perspiciatis.,Overall compliant,Satisfactory,Ad et hic id quidem expedita fugit.
Internal Controls Assessment,2022-01-22 to 2020-11-16,10/16/2020,Evaluate IT systems security,Fraud detection and prevention,Operational inefficiencies found,Compliance requirements met,ba2a0ea3-3b23-4616-96e3-a8724bd9df62,Itaque soluta neque nisi alias dicta.,High,Reputational risk,Enhance compliance procedures,No immediate action required,Finance,11/6/2025,Transaction Processing,Porro ut dolore ducimus eos.,Ineffective,Qui natus minima eaque iste quam cupiditate.,RBI Guidelines,Non-Compliant,Eum ex incidunt ab ipsum itaque.,A incidunt enim reiciendis quas.,Credit Risk,Placeat eveniet fugiat.,Medium,Operational disruption,Unde architecto placeat et voluptatum aliquid.,Nam fugit non harum sapiente tempora sit.,Effective,Quae quaerat fugit quidem explicabo minus delectus.,Repellat expedita in deleniti.,Forgery,Consectetur quaerat aspernatur aspernatur id doloribus tempora.,Potential financial loss,Qui possimus labore culpa odio eius voluptatibus.,Nesciunt saepe consequuntur nam.,Transaction Processing,Laboriosam numquam ad aliquid debitis.,Aliquam laudantium ut voluptas.,Aut alias numquam reiciendis voluptas praesentium.,Laudantium maiores in dolorem nulla animi.,Voluptatem possimus id illum enim consequatur pariatur.,Nostrum laboriosam velit alias aut cumque.,Repudiandae quod nihil quos.,Compliance issues identified,Needs Improvement,Adipisci aliquam incidunt.
Compliance Audit Report,2024-06-10 to 2024-06-22,8/4/2023,Ensure compliance with regulations,Compliance with RBI guidelines,Operational inefficiencies found,IT systems require updates,1b22957e-e86f-4211-8169-3d2af20a61dc,Culpa assumenda quae.,Low,Operational disruption,Improve operational efficiency,Plans in place for improvement,Operations,2/16/2026,Loan Approvals,Ea quam vel eum magni animi neque error.,Ineffective,Modi magnam nostrum vero natus tempora fuga occaecati.,RBI Guidelines,Non-Compliant,Unde consectetur debitis quam tempore quia.,Fugit impedit reiciendis a deleniti fugiat illo.,Market Risk,Unde odio asperiores itaque doloribus iure amet.,High,Operational disruption,Consectetur doloribus mollitia nobis cumque iure.,Quasi maxime tenetur cum dolore iure.,Ineffective,Maxime adipisci sapiente porro.,Cum quaerat beatae dicta recusandae.,Identity Theft,Accusantium delectus molestias velit corporis.,Reputational risk,Eum quis possimus dolor voluptate adipisci similique.,Sed earum dolorum quibusdam nostrum ad.,Loan Disbursement,Voluptate asperiores qui odit in tempore tenetur.,Ad aspernatur doloribus minima labore totam quam nam.,Laudantium dolore voluptates laborum.,Debitis debitis doloribus atque nam voluptates.,Distinctio ipsam reprehenderit commodi omnis minima.,Aliquam voluptas maxime nemo sunt sed.,Quis possimus cum iusto.,Operational efficiencies needed,Unsatisfactory,Asperiores nisi nemo inventore magnam nisi eligendi.
Risk Management Audit,2023-02-28 to 2020-09-19,9/27/2023,Ensure compliance with regulations,Compliance with RBI guidelines,Operational inefficiencies found,Compliance requirements met,9fc78a5a-3c49-40e2-bc47-6536dc5a675d,Impedit ipsum assumenda dolorum provident inventore consectetur.,Low,Operational disruption,Improve operational efficiency,Will address by next quarter,Compliance,7/5/2024,Loan Approvals,Sit nemo itaque fuga pariatur.,Effective,Mollitia delectus itaque eligendi eaque minus ab.,AML/KYC Policy,Compliant,Cum provident necessitatibus suscipit accusantium.,Corporis dolorem animi reiciendis.,Operational Risk,Iure atque quibusdam architecto nulla esse officia.,High,Reputational risk,Repudiandae ducimus facilis provident eius quis voluptate fuga.,Unde est saepe iure maiores.,Ineffective,Architecto perferendis dicta praesentium.,Laboriosam reiciendis iusto facere.,Loan Fraud,Repellat dignissimos corporis necessitatibus cum deleniti.,Reputational risk,Ipsum sequi molestiae deleniti sit.,Natus praesentium quae.,Loan Disbursement,Vitae a odio perspiciatis libero facere eum.,Laborum nesciunt minus enim.,Doloribus harum dignissimos omnis vero eos.,Consequatur ea nihil illum asperiores esse earum fugit.,Rem cupiditate ipsum dolores quisquam molestias.,Esse aliquam provident.,Quaerat soluta nobis quasi dolores.,Compliance issues identified,Unsatisfactory,Sunt alias harum dignissimos sunt.
